                  epoch,         train/box_loss,         train/cls_loss,         train/dfl_loss,   metrics/precision(B),      metrics/recall(B),       metrics/mAP50(B),    metrics/mAP50-95(B),           val/box_loss,           val/cls_loss,           val/dfl_loss,                 lr/pg0,                 lr/pg1,                 lr/pg2
                      1,                  4.901,                 3.9955,                 1.8481,                      0,                      0,                      0,                      0,                 5.4036,                 3.8145,                 2.2454,                      0,                      0,                      0
                      2,                 4.5862,                  4.031,                 1.7739,                      0,                      0,                      0,                      0,                 5.4083,                 3.8129,                  2.246,              1.998e-05,              1.998e-05,              1.998e-05
                      3,                 4.5447,                  3.903,                 1.6678,                      0,                      0,                      0,                      0,                 5.4126,                 3.8112,                 2.2398,             3.9921e-05,             3.9921e-05,             3.9921e-05
                      4,                 4.7712,                  4.105,                  1.904,                      0,                      0,                      0,                      0,                 5.4199,                 3.8089,                 2.2381,             5.9822e-05,             5.9822e-05,             5.9822e-05
                      5,                 4.7186,                 3.9718,                 1.7608,                      0,                      0,                      0,                      0,                 5.4208,                  3.805,                 2.2247,             7.9683e-05,             7.9683e-05,             7.9683e-05
                      6,                 5.1414,                 4.1811,                 1.9144,                      0,                      0,                      0,                      0,                 4.7621,                 3.7318,                 1.7571,             9.9505e-05,             9.9505e-05,             9.9505e-05
                      7,                  3.971,                  3.714,                 1.4446,                0.00333,                0.02247,                0.00176,                0.00018,                 4.0064,                 3.6205,                 1.3404,             0.00011929,             0.00011929,             0.00011929
                      8,                 3.7921,                 3.6287,                 1.2978,                0.00333,                0.02247,                0.00176,                0.00018,                 3.9949,                 3.6181,                 1.3373,             0.00013903,             0.00013903,             0.00013903
                      9,                 3.7636,                 3.6657,                 1.2835,                0.00833,                0.05618,                0.00478,                0.00159,                 3.0868,                 3.5792,                 1.0647,             0.00015873,             0.00015873,             0.00015873
                     10,                 3.3389,                 3.4853,                  1.151,                  0.025,                0.16854,                0.01547,                0.00357,                 2.9847,                 3.5365,                0.98715,              0.0001784,              0.0001784,              0.0001784
                     11,                 3.3363,                 3.3638,                 1.1003,                0.02667,                0.17978,                0.01729,                0.00459,                 3.1372,                 3.4949,                0.99171,             0.00019802,             0.00019802,             0.00019802
                     12,                 3.2239,                 3.2754,                 1.1178,                0.02667,                0.17978,                0.01839,                0.00625,                 3.0752,                 3.4529,                0.98707,              0.0002176,              0.0002176,              0.0002176
                     13,                 3.1685,                  3.054,                 1.0615,                  0.035,                0.23596,                0.02584,                0.00695,                 2.9631,                  3.414,                0.97443,             0.00023715,             0.00023715,             0.00023715
                     14,                 3.0889,                 2.8486,                 1.0736,                0.03667,                0.24719,                0.02943,                0.00624,                 2.9141,                 3.3728,                0.96659,             0.00025665,             0.00025665,             0.00025665
                     15,                 2.9368,                 2.6595,                 1.0595,                  0.035,                0.23596,                0.02733,                0.00558,                 2.9025,                 3.3222,                0.98088,             0.00027612,             0.00027612,             0.00027612
                     16,                 2.9479,                 2.3533,                 1.0234,                0.02667,                0.17978,                0.02155,                0.00398,                 2.8729,                 3.2714,                0.99808,             0.00029554,             0.00029554,             0.00029554
                     17,                 2.9413,                 2.2145,                  1.015,                0.01333,                0.08989,                0.00857,                0.00153,                 2.8101,                 3.2342,                 1.0075,             0.00031493,             0.00031493,             0.00031493
                     18,                 3.0973,                 2.0124,                0.98987,                   0.01,                0.06742,                0.00537,                 0.0023,                  2.706,                 3.1579,                0.98959,             0.00033428,             0.00033428,             0.00033428
                     19,                 2.6614,                 1.7661,                 1.0137,                0.03833,                0.25843,                0.02574,                0.00819,                 2.6896,                 3.0519,                0.97696,             0.00035358,             0.00035358,             0.00035358
                     20,                 2.7531,                  1.763,                0.98557,                  0.075,                0.50562,                0.08225,                0.02284,                  2.702,                 2.9456,                0.97766,             0.00037285,             0.00037285,             0.00037285
                     21,                  2.727,                 1.5484,                0.98967,                  0.085,                0.57303,                 0.0962,                0.03315,                 2.7019,                 2.8424,                0.98002,             0.00039208,             0.00039208,             0.00039208
                     22,                  2.803,                 1.5001,                 1.0031,                   0.09,                0.60674,                0.15881,                0.05818,                 2.6455,                 2.7443,                0.97481,             0.00041127,             0.00041127,             0.00041127
                     23,                 2.8122,                 1.6142,                0.95137,                  0.095,                0.64045,                0.22023,                 0.0775,                 2.6221,                 2.6366,                0.97919,             0.00043042,             0.00043042,             0.00043042
                     24,                 2.5943,                 1.3791,                0.96218,                0.08833,                0.59551,                0.27004,                0.08339,                 2.6841,                 2.5472,                0.99484,             0.00044953,             0.00044953,             0.00044953
                     25,                 2.4355,                 1.3909,                0.94912,                  0.085,                0.57303,                0.28552,                 0.0823,                  2.767,                 2.4691,                 1.0088,              0.0004686,              0.0004686,              0.0004686
                     26,                 2.9624,                 1.4783,                0.98644,                  0.085,                0.57303,                0.32771,                0.08716,                 2.7717,                 2.4044,                 1.0076,             0.00048762,             0.00048762,             0.00048762
                     27,                 3.1132,                 1.5376,                0.96948,                   0.09,                0.60674,                0.35736,                0.09947,                 2.7075,                 2.3547,                0.99361,             0.00050662,             0.00050662,             0.00050662
                     28,                 2.5452,                 1.4044,                0.95469,                0.15346,                0.58427,                0.39395,                0.11133,                 2.6269,                 2.2624,                0.98264,             0.00052557,             0.00052557,             0.00052557
                     29,                 2.5837,                  1.434,                0.98583,                0.59362,                0.32829,                0.39385,                0.11896,                 2.6222,                 2.1407,                0.97656,             0.00054448,             0.00054448,             0.00054448
                     30,                  2.838,                 1.5432,                0.95577,                0.62486,                0.18725,                0.37146,                0.11652,                 2.6208,                 2.0138,                0.96653,             0.00056335,             0.00056335,             0.00056335
                     31,                 2.6753,                  1.384,                0.92132,                0.61679,                0.19901,                0.39942,                0.11742,                 2.5959,                 1.9294,                0.96069,             0.00058218,             0.00058218,             0.00058218
                     32,                 2.5501,                 1.3832,                0.94247,                0.64964,                0.27086,                0.41405,                0.12738,                  2.587,                 1.8437,                0.95832,             0.00060097,             0.00060097,             0.00060097
                     33,                 2.6583,                 1.4387,                0.95009,                0.58001,                0.34831,                0.41347,                0.12784,                 2.5528,                 1.8007,                0.95571,             0.00061972,             0.00061972,             0.00061972
                     34,                 2.7372,                 1.3686,                0.90979,                0.58588,                0.34973,                0.46874,                0.15158,                 2.5143,                 1.8174,                0.94424,             0.00063844,             0.00063844,             0.00063844
                     35,                 2.6132,                 1.3853,                0.93228,                0.61016,                0.36933,                0.51158,                0.15112,                 2.5426,                  1.824,                0.94792,             0.00065711,             0.00065711,             0.00065711
                     36,                 2.6954,                  1.504,                0.92892,                0.59787,                0.38202,                0.52688,                0.15063,                 2.5446,                 1.8025,                0.94877,             0.00067574,             0.00067574,             0.00067574
                     37,                 2.5799,                 1.3108,                0.99402,                0.53806,                0.34031,                0.44634,                 0.1373,                 2.6962,                 1.7924,                0.96484,             0.00069434,             0.00069434,             0.00069434
                     38,                 2.4951,                 1.3874,                0.96346,                0.52334,                0.30337,                0.33716,                0.08762,                 2.9516,                  1.815,                 1.0175,             0.00071289,             0.00071289,             0.00071289
                     39,                 2.5351,                 1.3305,                 1.0033,                0.57349,                0.26966,                0.32883,                0.08165,                 2.9741,                 1.8045,                 1.0354,             0.00073141,             0.00073141,             0.00073141
                     40,                 3.1966,                 1.5703,                0.96838,                0.63243,                0.30337,                0.38646,                0.09793,                 2.8359,                 1.8197,                 1.0134,             0.00074988,             0.00074988,             0.00074988
                     41,                 2.7993,                 1.3331,                 0.9615,                0.68698,                0.29213,                0.44088,                0.12415,                 2.7231,                 1.8776,                0.99249,             0.00076832,             0.00076832,             0.00076832
                     42,                 2.3866,                 1.2423,                0.93293,                0.69156,                0.25201,                0.40792,                0.11856,                 2.7009,                 1.9799,                0.99115,             0.00078672,             0.00078672,             0.00078672
                     43,                 2.3956,                 1.3966,                0.96352,                0.55101,                0.29213,                0.36912,                0.10332,                 2.8054,                 2.0669,                 1.0027,             0.00080507,             0.00080507,             0.00080507
                     44,                 2.4576,                 1.2451,                0.93799,                0.35604,                0.42697,                0.32569,                 0.0891,                  2.854,                 2.0732,                0.99916,             0.00082339,             0.00082339,             0.00082339
                     45,                 2.6394,                 1.3533,                0.92968,                 0.3451,                0.55657,                0.35931,                0.08475,                 2.8155,                 2.0819,                0.98987,             0.00084167,             0.00084167,             0.00084167
                     46,                 2.4605,                 1.1885,                0.91061,                  0.209,                0.66292,                0.31322,                0.07868,                 2.7739,                 2.1061,                0.97947,             0.00085991,             0.00085991,             0.00085991
                     47,                 2.4532,                 1.2279,                0.93618,                0.10167,                0.68539,                0.28667,                0.07273,                 2.7904,                  2.138,                0.97472,              0.0008781,              0.0008781,              0.0008781
                     48,                  2.517,                 1.2969,                0.92809,                0.26721,                0.57303,                0.34746,                0.07884,                 2.7951,                 2.1359,                 0.9703,             0.00089626,             0.00089626,             0.00089626
                     49,                 2.4113,                 1.2055,                0.92563,                0.17188,                0.67416,                0.36871,                0.09093,                 2.6994,                 2.1037,                0.96606,             0.00091438,             0.00091438,             0.00091438
                     50,                 2.3164,                 1.1906,                0.93621,                0.11753,                0.74157,                0.41541,                0.11232,                 2.6255,                 2.0733,                0.96474,             0.00093246,             0.00093246,             0.00093246
                     51,                 2.8468,                 1.2769,                0.95127,                0.11753,                0.74157,                0.41541,                0.11232,                 2.6255,                 2.0733,                0.96474,              0.0009505,              0.0009505,              0.0009505
                     52,                  2.318,                 1.1274,                0.93058,                0.11575,                0.73034,                0.39086,                0.10071,                 2.6963,                 2.0493,                0.97409,              0.0009685,              0.0009685,              0.0009685
                     53,                 2.1259,                 1.1528,                 0.9724,                0.11575,                0.73034,                0.39086,                0.10071,                 2.6963,                 2.0493,                0.97409,             0.00098646,             0.00098646,             0.00098646
                     54,                 2.4967,                 1.2118,                0.95413,                0.10167,                0.68539,                0.36712,                0.09957,                 2.7179,                 2.0749,                0.97582,              0.0010044,              0.0010044,              0.0010044
                     55,                 2.1942,                 1.2019,                0.93671,                0.10167,                0.68539,                0.36712,                0.09957,                 2.7179,                 2.0749,                0.97582,              0.0010223,              0.0010223,              0.0010223
                     56,                 2.6449,                 1.1705,                0.92648,                0.11333,                0.76404,                0.39534,                0.10496,                 2.7474,                   2.16,                0.98295,              0.0010401,              0.0010401,              0.0010401
                     57,                 2.3115,                 1.2566,                0.92106,                0.11333,                0.76404,                0.39534,                0.10496,                 2.7474,                   2.16,                0.98295,              0.0010579,              0.0010579,              0.0010579
                     58,                 2.3884,                  1.158,                0.93262,                0.10833,                0.73034,                0.35612,                0.09897,                 2.8064,                 2.2256,                0.99039,              0.0010757,              0.0010757,              0.0010757
                     59,                 2.2304,                 1.0807,                0.93187,                0.10833,                0.73034,                0.35612,                0.09897,                 2.8064,                 2.2256,                0.99039,              0.0010934,              0.0010934,              0.0010934
                     60,                 2.4233,                 1.1722,                0.89872,                0.08667,                0.58427,                0.26181,                0.05923,                 3.1606,                 2.3158,                 1.0263,              0.0011111,              0.0011111,              0.0011111
                     61,                 2.3716,                 1.1953,                 0.9258,                0.08667,                0.58427,                0.26181,                0.05923,                 3.1606,                 2.3158,                 1.0263,              0.0011287,              0.0011287,              0.0011287
                     62,                 2.5221,                 1.2814,                0.88903,                   0.06,                0.40449,                0.12557,                0.02562,                 3.4983,                  2.349,                 1.0729,              0.0011463,              0.0011463,              0.0011463
                     63,                 2.5873,                 1.3399,                0.90735,                   0.06,                0.40449,                0.12557,                0.02562,                 3.4983,                  2.349,                 1.0729,              0.0011639,              0.0011639,              0.0011639
                     64,                 2.6358,                 1.3109,                0.95006,                  0.055,                0.37079,                0.12735,                0.02384,                  3.546,                 2.2816,                 1.0729,              0.0011814,              0.0011814,              0.0011814
                     65,                 2.5773,                 1.3485,                0.94298,                  0.055,                0.37079,                0.12735,                0.02384,                  3.546,                 2.2816,                 1.0729,              0.0011989,              0.0011989,              0.0011989
                     66,                 2.5368,                  1.299,                 0.9495,                0.06667,                0.44944,                0.15847,                0.04051,                 3.2589,                 2.1742,                 1.0306,              0.0012163,              0.0012163,              0.0012163
                     67,                 2.3567,                 1.1838,                0.95691,                0.06667,                0.44944,                0.15847,                0.04051,                 3.2589,                 2.1742,                 1.0306,              0.0012338,              0.0012338,              0.0012338
                     68,                 2.3888,                 1.2092,                0.92059,                0.10962,                0.61798,                0.28232,                0.07415,                  2.868,                 2.0645,                0.98111,              0.0012511,              0.0012511,              0.0012511
                     69,                 2.2916,                 1.1658,                0.90837,                0.10962,                0.61798,                0.28232,                0.07415,                  2.868,                 2.0645,                0.98111,              0.0012684,              0.0012684,              0.0012684
                     70,                 2.4431,                   1.19,                0.92004,                0.40691,                0.62921,                0.41406,                0.11163,                 2.6617,                 1.9714,                0.95277,              0.0012857,              0.0012857,              0.0012857
                     71,                 2.1592,                 1.1835,                0.93099,                0.40691,                0.62921,                0.41406,                0.11163,                 2.6617,                 1.9714,                0.95277,               0.001303,               0.001303,               0.001303
                     72,                 2.7248,                 1.2374,                0.92308,                0.55496,                0.41573,                0.44831,                0.12863,                 2.5905,                 1.8914,                0.94704,              0.0013202,              0.0013202,              0.0013202
                     73,                 2.3632,                 1.1497,                0.89991,                0.55496,                0.41573,                0.44831,                0.12863,                 2.5905,                 1.8914,                0.94704,              0.0013374,              0.0013374,              0.0013374
                     74,                 2.3616,                 1.1808,                0.91513,                0.50013,                0.34831,                0.41422,                0.12316,                 2.7568,                 1.8752,                0.95263,              0.0013545,              0.0013545,              0.0013545
                     75,                 2.3765,                 1.1922,                0.94805,                0.50013,                0.34831,                0.41422,                0.12316,                 2.7568,                 1.8752,                0.95263,              0.0013716,              0.0013716,              0.0013716
                     76,                 2.3106,                  1.207,                0.90603,                0.58476,                0.35955,                0.47381,                 0.1256,                 2.8628,                 1.8539,                0.96554,              0.0013886,              0.0013886,              0.0013886
                     77,                 2.3261,                 1.1567,                0.93044,                0.58476,                0.35955,                0.47381,                 0.1256,                 2.8628,                 1.8539,                0.96554,              0.0014056,              0.0014056,              0.0014056
                     78,                 2.3227,                 1.1577,                0.97105,                0.56767,                0.44944,                0.52693,                0.14865,                 2.7028,                 1.7339,                0.95834,              0.0014226,              0.0014226,              0.0014226
                     79,                 2.3577,                 1.1168,                0.93892,                0.56767,                0.44944,                0.52693,                0.14865,                 2.7028,                 1.7339,                0.95834,              0.0014395,              0.0014395,              0.0014395
                     80,                 2.2954,                 1.1328,                0.90974,                0.59388,                0.49438,                0.53925,                0.15282,                 2.6608,                 1.6705,                 0.9577,              0.0014564,              0.0014564,              0.0014564
                     81,                 2.3814,                 1.1463,                0.89069,                0.59388,                0.49438,                0.53925,                0.15282,                 2.6608,                 1.6705,                 0.9577,              0.0014733,              0.0014733,              0.0014733
                     82,                 2.3131,                 1.3924,                0.91008,                0.59322,                0.44246,                0.50268,                0.14588,                 2.6759,                 1.7021,                0.95807,              0.0014901,              0.0014901,              0.0014901
                     83,                 2.3999,                 1.2863,                0.92892,                0.59322,                0.44246,                0.50268,                0.14588,                 2.6759,                 1.7021,                0.95807,              0.0015069,              0.0015069,              0.0015069
                     84,                 2.4579,                 1.2441,                0.89586,                0.55496,                0.37835,                0.44773,                0.13156,                 2.7558,                 1.8137,                0.96443,              0.0015236,              0.0015236,              0.0015236
                     85,                 2.3803,                 1.2999,                0.93002,                0.55496,                0.37835,                0.44773,                0.13156,                 2.7558,                 1.8137,                0.96443,              0.0015403,              0.0015403,              0.0015403
                     86,                 2.4822,                 1.2446,                0.89286,                 0.4847,                0.31461,                0.35969,                0.10196,                 2.8617,                  1.955,                 0.9882,              0.0015569,              0.0015569,              0.0015569
                     87,                 2.4933,                 1.3019,                0.87754,                 0.4847,                0.31461,                0.35969,                0.10196,                 2.8617,                  1.955,                 0.9882,              0.0015736,              0.0015736,              0.0015736
                     88,                 2.3042,                 1.2714,                0.91353,                0.46525,                0.33708,                0.34355,                0.09508,                 2.8563,                 1.9547,                0.98106,              0.0015901,              0.0015901,              0.0015901
                     89,                 2.4202,                 1.2491,                0.96636,                0.46525,                0.33708,                0.34355,                0.09508,                 2.8563,                 1.9547,                0.98106,              0.0016067,              0.0016067,              0.0016067
                     90,                 2.3926,                 1.2367,                0.93464,                0.62273,                0.41573,                0.47869,                0.14116,                 2.6893,                  1.805,                0.95864,              0.0016232,              0.0016232,              0.0016232
                     91,                 2.6744,                 1.2462,                0.90378,                0.62273,                0.41573,                0.47869,                0.14116,                 2.6893,                  1.805,                0.95864,              0.0016396,              0.0016396,              0.0016396
                     92,                 2.6386,                 1.1918,                0.90917,                0.62147,                0.47966,                0.54826,                0.16513,                 2.5515,                 1.6666,                0.93881,               0.001656,               0.001656,               0.001656
                     93,                 2.3995,                 1.0946,                0.89035,                0.62147,                0.47966,                0.54826,                0.16513,                 2.5515,                 1.6666,                0.93881,              0.0016724,              0.0016724,              0.0016724
                     94,                 2.2013,                 1.1622,                0.93822,                0.58186,                0.46067,                0.46515,                0.13714,                 2.5305,                 1.6542,                0.95183,              0.0016887,              0.0016887,              0.0016887
                     95,                 2.3931,                 1.1852,                0.95751,                0.58186,                0.46067,                0.46515,                0.13714,                 2.5305,                 1.6542,                0.95183,               0.001705,               0.001705,               0.001705
                     96,                 2.2949,                 1.1011,                0.90853,                0.57082,                0.49438,                0.47424,                0.14083,                 2.5147,                 1.5545,                0.95295,              0.0017213,              0.0017213,              0.0017213
                     97,                 2.1586,                 1.0432,                0.92008,                0.57082,                0.49438,                0.47424,                0.14083,                 2.5147,                 1.5545,                0.95295,              0.0017375,              0.0017375,              0.0017375
                     98,                 2.1967,                 1.1191,                0.94385,                0.53507,                0.52809,                0.41984,                0.12361,                 2.6366,                 1.5615,                0.97997,              0.0017537,              0.0017537,              0.0017537
                     99,                 2.2377,                 1.1562,                0.93614,                0.53507,                0.52809,                0.41984,                0.12361,                 2.6366,                 1.5615,                0.97997,              0.0017698,              0.0017698,              0.0017698
                    100,                 2.4491,                 1.1792,                0.90375,                 0.5143,                0.47191,                0.45071,                0.12697,                  2.732,                 1.6518,                0.98878,              0.0017859,              0.0017859,              0.0017859
                    101,                 2.3165,                 1.1682,                0.92072,                 0.5143,                0.47191,                0.45071,                0.12697,                  2.732,                 1.6518,                0.98878,               0.001802,               0.001802,               0.001802
                    102,                 2.3334,                 1.2003,                0.93755,                0.49185,                0.42418,                0.44836,                0.13729,                 2.7278,                 1.6366,                0.97941,               0.001802,               0.001802,               0.001802
                    103,                 2.4032,                 1.2108,                0.92512,                0.49185,                0.42418,                0.44836,                0.13729,                 2.7278,                 1.6366,                0.97941,                 0.0018,                 0.0018,                 0.0018
                    104,                 2.2785,                 1.1378,                0.88029,                 0.4731,                0.45403,                0.45807,                0.13269,                 2.7308,                 1.5918,                0.96675,               0.001798,               0.001798,               0.001798
                    105,                 2.3262,                 1.4739,                0.93011,                 0.4731,                0.45403,                0.45807,                0.13269,                 2.7308,                 1.5918,                0.96675,              0.0017961,              0.0017961,              0.0017961
                    106,                 2.3802,                 1.2091,                0.95023,                0.49349,                0.52548,                0.45928,                0.12737,                 2.7435,                 1.5985,                0.97106,              0.0017941,              0.0017941,              0.0017941
                    107,                 2.4945,                 1.1492,                 0.9142,                0.49349,                0.52548,                0.45928,                0.12737,                 2.7435,                 1.5985,                0.97106,              0.0017921,              0.0017921,              0.0017921
                    108,                 2.5258,                 1.2285,                0.93377,                0.47349,                0.36381,                0.42749,                0.11346,                 2.8286,                 1.7252,                0.98888,              0.0017901,              0.0017901,              0.0017901
                    109,                 2.7239,                 1.1978,                0.90346,                0.47349,                0.36381,                0.42749,                0.11346,                 2.8286,                 1.7252,                0.98888,              0.0017881,              0.0017881,              0.0017881
                    110,                 2.4516,                 1.1815,                0.91686,                0.47472,                0.34528,                0.40544,                0.11748,                 2.8501,                 1.7795,                0.99129,              0.0017862,              0.0017862,              0.0017862
                    111,                 2.4167,                 1.2627,                0.88354,                0.47472,                0.34528,                0.40544,                0.11748,                 2.8501,                 1.7795,                0.99129,              0.0017842,              0.0017842,              0.0017842
                    112,                  2.281,                 1.1427,                0.90708,                0.51604,                0.44944,                0.42736,                0.13675,                 2.6779,                 1.6431,                0.98789,              0.0017822,              0.0017822,              0.0017822
                    113,                 2.4039,                 1.1988,                0.96196,                0.51604,                0.44944,                0.42736,                0.13675,                 2.6779,                 1.6431,                0.98789,              0.0017802,              0.0017802,              0.0017802
                    114,                 2.4009,                 1.2344,                0.88306,                0.50053,                0.46067,                0.45207,                0.14216,                 2.6889,                 1.5457,                0.99109,              0.0017782,              0.0017782,              0.0017782
                    115,                 2.7953,                 1.2687,                 1.0417,                0.50053,                0.46067,                0.45207,                0.14216,                 2.6889,                 1.5457,                0.99109,              0.0017763,              0.0017763,              0.0017763
                    116,                 2.5945,                 1.1446,                0.89459,                0.52345,                0.50602,                0.46536,                0.13859,                 2.6837,                  1.559,                 0.9941,              0.0017743,              0.0017743,              0.0017743
                    117,                 2.5128,                 1.1988,                0.88666,                0.52345,                0.50602,                0.46536,                0.13859,                 2.6837,                  1.559,                 0.9941,              0.0017723,              0.0017723,              0.0017723
                    118,                 2.3567,                 1.0767,                0.90389,                0.57288,                0.57303,                0.53682,                0.15461,                 2.6569,                 1.5307,                0.99914,              0.0017703,              0.0017703,              0.0017703
                    119,                  2.236,                  1.179,                0.92255,                0.57288,                0.57303,                0.53682,                0.15461,                 2.6569,                 1.5307,                0.99914,              0.0017683,              0.0017683,              0.0017683
                    120,                 2.5178,                 1.1646,                 0.8801,                0.50845,                 0.5618,                0.51908,                0.14862,                 2.6675,                 1.4868,                0.99678,              0.0017664,              0.0017664,              0.0017664
                    121,                 2.3967,                 1.1209,                0.93067,                0.50845,                 0.5618,                0.51908,                0.14862,                 2.6675,                 1.4868,                0.99678,              0.0017644,              0.0017644,              0.0017644
                    122,                 2.4602,                 1.1988,                0.89706,                 0.5361,                 0.5454,                0.52315,                0.16314,                 2.5456,                 1.4649,                0.97357,              0.0017624,              0.0017624,              0.0017624
                    123,                 2.2703,                 1.1594,                0.92169,                 0.5361,                 0.5454,                0.52315,                0.16314,                 2.5456,                 1.4649,                0.97357,              0.0017604,              0.0017604,              0.0017604
                    124,                 2.3612,                  1.136,                0.95064,                0.60315,                 0.5618,                0.55024,                0.17179,                  2.507,                 1.4501,                0.96401,              0.0017584,              0.0017584,              0.0017584
                    125,                 2.4495,                  1.164,                0.89653,                0.60315,                 0.5618,                0.55024,                0.17179,                  2.507,                 1.4501,                0.96401,              0.0017565,              0.0017565,              0.0017565
                    126,                  2.316,                 1.1964,                0.94787,                0.57845,                0.55507,                0.54805,                0.16097,                 2.5755,                 1.4084,                0.96767,              0.0017545,              0.0017545,              0.0017545
                    127,                 2.4334,                 1.1074,                0.94084,                0.57845,                0.55507,                0.54805,                0.16097,                 2.5755,                 1.4084,                0.96767,              0.0017525,              0.0017525,              0.0017525
                    128,                 2.7162,                 1.2918,                0.92098,                0.56827,                0.55056,                0.58185,                 0.1776,                 2.4814,                 1.3572,                0.95355,              0.0017505,              0.0017505,              0.0017505
                    129,                 2.3539,                 1.1181,                0.90424,                0.56827,                0.55056,                0.58185,                 0.1776,                 2.4814,                 1.3572,                0.95355,              0.0017485,              0.0017485,              0.0017485
                    130,                 2.2384,                 1.0779,                0.91799,                 0.5235,                0.64045,                0.56099,                0.17995,                 2.4755,                 1.3544,                0.95048,              0.0017466,              0.0017466,              0.0017466
                    131,                 2.3098,                 1.0533,                0.88599,                 0.5235,                0.64045,                0.56099,                0.17995,                 2.4755,                 1.3544,                0.95048,              0.0017446,              0.0017446,              0.0017446
                    132,                 2.5466,                  1.228,                0.89625,                0.45415,                0.60674,                0.49912,                0.15655,                 2.6199,                 1.4328,                0.97187,              0.0017426,              0.0017426,              0.0017426
                    133,                 2.2708,                 1.1351,                0.93134,                0.45415,                0.60674,                0.49912,                0.15655,                 2.6199,                 1.4328,                0.97187,              0.0017406,              0.0017406,              0.0017406
                    134,                   2.19,                 1.1085,                0.89115,                0.46239,                0.61798,                0.49923,                0.15341,                 2.6394,                  1.446,                0.98347,              0.0017386,              0.0017386,              0.0017386
                    135,                  2.333,                 1.1117,                0.88894,                0.46239,                0.61798,                0.49923,                0.15341,                 2.6394,                  1.446,                0.98347,              0.0017367,              0.0017367,              0.0017367
                    136,                 2.3521,                 1.1324,                0.95083,                0.46715,                0.66987,                0.51883,                0.16706,                 2.5726,                 1.3236,                  0.977,              0.0017347,              0.0017347,              0.0017347
                    137,                 2.1578,                 1.0653,                 0.9028,                0.46715,                0.66987,                0.51883,                0.16706,                 2.5726,                 1.3236,                  0.977,              0.0017327,              0.0017327,              0.0017327
                    138,                 2.3209,                  1.097,                0.87706,                0.47325,                0.64045,                 0.5336,                0.15974,                 2.5436,                 1.2831,                0.97046,              0.0017307,              0.0017307,              0.0017307
                    139,                 2.3445,                 1.1078,                 0.8837,                0.47325,                0.64045,                 0.5336,                0.15974,                 2.5436,                 1.2831,                0.97046,              0.0017287,              0.0017287,              0.0017287
                    140,                 2.1972,                 1.1095,                0.89223,                  0.452,                0.62094,                 0.4788,                0.15168,                 2.5979,                 1.2949,                 0.9734,              0.0017268,              0.0017268,              0.0017268
                    141,                 2.3447,                 1.1117,                0.90962,                  0.452,                0.62094,                 0.4788,                0.15168,                 2.5979,                 1.2949,                 0.9734,              0.0017248,              0.0017248,              0.0017248
                    142,                 2.3897,                 1.1184,                0.92232,                0.45387,                0.60674,                0.48628,                0.15189,                 2.6014,                 1.2809,                0.97263,              0.0017228,              0.0017228,              0.0017228
                    143,                 1.9919,                 1.0281,                0.90766,                0.45387,                0.60674,                0.48628,                0.15189,                 2.6014,                 1.2809,                0.97263,              0.0017208,              0.0017208,              0.0017208
                    144,                 2.0783,                 1.0851,                0.90376,                0.56703,                0.52809,                0.53258,                0.15005,                 2.6413,                 1.3035,                0.97395,              0.0017188,              0.0017188,              0.0017188
                    145,                  2.318,                 1.1313,                0.87964,                0.56703,                0.52809,                0.53258,                0.15005,                 2.6413,                 1.3035,                0.97395,              0.0017169,              0.0017169,              0.0017169
                    146,                 2.2396,                 1.1008,                0.89308,                0.62571,                0.50716,                0.50989,                0.12821,                 2.8057,                 1.2954,                0.98936,              0.0017149,              0.0017149,              0.0017149
                    147,                 2.3259,                 1.1448,                0.87611,                0.62571,                0.50716,                0.50989,                0.12821,                 2.8057,                 1.2954,                0.98936,              0.0017129,              0.0017129,              0.0017129
                    148,                 2.2986,                 1.1491,                0.90376,                0.54815,                0.49073,                0.47422,                0.12237,                 2.8468,                 1.2735,                0.99962,              0.0017109,              0.0017109,              0.0017109
                    149,                 2.2409,                 1.0031,                0.90349,                0.54815,                0.49073,                0.47422,                0.12237,                 2.8468,                 1.2735,                0.99962,              0.0017089,              0.0017089,              0.0017089
                    150,                  2.168,                 1.0376,                0.88415,                0.61827,                0.51685,                0.50986,                0.14353,                 2.7915,                 1.3201,                0.99797,               0.001707,               0.001707,               0.001707
                    151,                 2.0548,                 0.9692,                0.89339,                0.61827,                0.51685,                0.50986,                0.14353,                 2.7915,                 1.3201,                0.99797,               0.001705,               0.001705,               0.001705
                    152,                 2.2737,                 1.1856,                0.87313,                0.57191,                0.65169,                0.59381,                0.16309,                 2.7167,                 1.3299,                0.98799,               0.001703,               0.001703,               0.001703
                    153,                 2.2257,                 1.1357,                0.88479,                0.57191,                0.65169,                0.59381,                0.16309,                 2.7167,                 1.3299,                0.98799,               0.001701,               0.001701,               0.001701
                    154,                 2.2136,                  1.034,                0.87551,                0.60983,                0.64045,                0.61147,                0.16799,                 2.7338,                 1.3202,                0.99494,               0.001699,               0.001699,               0.001699
                    155,                 2.2757,                  1.017,                0.89451,                0.60983,                0.64045,                0.61147,                0.16799,                 2.7338,                 1.3202,                0.99494,              0.0016971,              0.0016971,              0.0016971
                    156,                 2.3521,                 1.1486,                0.91265,                0.72944,                 0.5453,                 0.6309,                0.16385,                 2.7225,                 1.2696,                0.98388,              0.0016951,              0.0016951,              0.0016951
                    157,                 2.0947,                 1.0237,                0.88625,                0.72944,                 0.5453,                 0.6309,                0.16385,                 2.7225,                 1.2696,                0.98388,              0.0016931,              0.0016931,              0.0016931
                    158,                 2.4153,                 1.0827,                0.89516,                0.73578,                 0.5618,                0.59739,                0.15748,                 2.7735,                 1.2598,                0.98501,              0.0016911,              0.0016911,              0.0016911
                    159,                 2.1962,                 1.0663,                0.89275,                0.73578,                 0.5618,                0.59739,                0.15748,                 2.7735,                 1.2598,                0.98501,              0.0016891,              0.0016891,              0.0016891
                    160,                 2.2339,                 1.1123,                0.85331,                0.59578,                0.59618,                0.57696,                0.13676,                 2.8847,                 1.2886,                0.99817,              0.0016872,              0.0016872,              0.0016872
                    161,                 2.3175,                 1.1087,                0.90665,                0.59578,                0.59618,                0.57696,                0.13676,                 2.8847,                 1.2886,                0.99817,              0.0016852,              0.0016852,              0.0016852
                    162,                 2.1791,                 1.0455,                0.89255,                0.64486,                0.52809,                0.57146,                0.12883,                  2.888,                 1.3133,                0.98895,              0.0016832,              0.0016832,              0.0016832
                    163,                 2.3301,                 1.1033,                0.90216,                0.64486,                0.52809,                0.57146,                0.12883,                  2.888,                 1.3133,                0.98895,              0.0016812,              0.0016812,              0.0016812
                    164,                 2.4908,                  1.188,                 0.9525,                0.65975,                0.52809,                0.56782,                0.15406,                  2.713,                 1.2679,                0.97507,              0.0016792,              0.0016792,              0.0016792
                    165,                 2.6685,                 1.2683,                0.88161,                0.65975,                0.52809,                0.56782,                0.15406,                  2.713,                 1.2679,                0.97507,              0.0016773,              0.0016773,              0.0016773
                    166,                 2.2631,                 1.0962,                0.92138,                0.63073,                0.48315,                0.55271,                0.15068,                 2.7473,                 1.2696,                0.98604,              0.0016753,              0.0016753,              0.0016753
                    167,                 2.1179,                 1.0464,                0.91532,                0.63073,                0.48315,                0.55271,                0.15068,                 2.7473,                 1.2696,                0.98604,              0.0016733,              0.0016733,              0.0016733
                    168,                 2.2014,                  1.081,                0.90426,                0.53582,                0.42697,                0.39887,                0.12124,                 2.7955,                  1.319,                  1.001,              0.0016713,              0.0016713,              0.0016713
                    169,                 2.3053,                 1.0461,                0.91165,                0.53582,                0.42697,                0.39887,                0.12124,                 2.7955,                  1.319,                  1.001,              0.0016693,              0.0016693,              0.0016693
                    170,                 2.4211,                 1.2293,                0.90766,                 0.5627,                0.42697,                0.43299,                0.11779,                 2.8005,                  1.297,                 1.0047,              0.0016674,              0.0016674,              0.0016674
                    171,                 2.0947,                 1.0929,                0.90484,                 0.5627,                0.42697,                0.43299,                0.11779,                 2.8005,                  1.297,                 1.0047,              0.0016654,              0.0016654,              0.0016654
                    172,                 2.2997,                 1.0519,                0.89679,                0.57698,                0.49438,                0.49651,                0.14287,                 2.6692,                 1.2211,                0.98086,              0.0016634,              0.0016634,              0.0016634
                    173,                 2.1962,                 1.1359,                 0.8839,                0.57698,                0.49438,                0.49651,                0.14287,                 2.6692,                 1.2211,                0.98086,              0.0016614,              0.0016614,              0.0016614
                    174,                 2.1286,                  1.131,                0.91806,                0.55971,                0.48567,                0.48112,                0.15682,                 2.6121,                 1.1854,                 0.9635,              0.0016594,              0.0016594,              0.0016594
                    175,                 1.9884,                 1.0431,                0.91218,                0.55971,                0.48567,                0.48112,                0.15682,                 2.6121,                 1.1854,                 0.9635,              0.0016575,              0.0016575,              0.0016575
                    176,                 2.1305,                 1.0057,                0.88071,                0.50468,                0.62921,                0.54197,                0.17088,                 2.6069,                 1.1697,                0.95772,              0.0016555,              0.0016555,              0.0016555
                    177,                 2.3601,                  1.137,                0.90331,                0.50468,                0.62921,                0.54197,                0.17088,                 2.6069,                 1.1697,                0.95772,              0.0016535,              0.0016535,              0.0016535
                    178,                 2.1484,                 1.0483,                0.87415,                0.55318,                0.65381,                0.62166,                0.15113,                 2.7117,                 1.2569,                0.97461,              0.0016515,              0.0016515,              0.0016515
                    179,                 2.2158,                 1.1251,                0.87512,                0.55318,                0.65381,                0.62166,                0.15113,                 2.7117,                 1.2569,                0.97461,              0.0016495,              0.0016495,              0.0016495
                    180,                   2.23,                 1.0113,                0.93055,                0.59797,                0.59551,                0.59984,                0.13386,                 2.8342,                 1.2638,                0.99412,              0.0016476,              0.0016476,              0.0016476
                    181,                 2.3022,                 1.1097,                0.88787,                0.59797,                0.59551,                0.59984,                0.13386,                 2.8342,                 1.2638,                0.99412,              0.0016456,              0.0016456,              0.0016456
                    182,                 2.1994,                 1.0111,                0.90337,                0.66189,                0.64045,                0.64066,                0.15607,                 2.8101,                 1.2197,                0.98751,              0.0016436,              0.0016436,              0.0016436
                    183,                 2.1528,                0.98857,                0.91877,                0.66189,                0.64045,                0.64066,                0.15607,                 2.8101,                 1.2197,                0.98751,              0.0016416,              0.0016416,              0.0016416
                    184,                   2.13,                  1.001,                0.88813,                0.67431,                0.59551,                0.66127,                0.19517,                 2.6406,                  1.153,                0.95742,              0.0016396,              0.0016396,              0.0016396
                    185,                 2.0533,                0.98886,                0.89969,                0.67431,                0.59551,                0.66127,                0.19517,                 2.6406,                  1.153,                0.95742,              0.0016377,              0.0016377,              0.0016377
                    186,                  2.365,                 1.0962,                0.89771,                0.58537,                0.69799,                0.66377,                 0.2039,                 2.5498,                 1.1134,                0.94589,              0.0016357,              0.0016357,              0.0016357
                    187,                  2.294,                 1.0833,                0.91511,                0.58537,                0.69799,                0.66377,                 0.2039,                 2.5498,                 1.1134,                0.94589,              0.0016337,              0.0016337,              0.0016337
                    188,                  2.063,                0.95684,                 0.8898,                0.60895,                 0.7191,                 0.6609,                0.19196,                  2.638,                 1.1557,                0.96157,              0.0016317,              0.0016317,              0.0016317
                    189,                  2.085,                 1.0054,                0.87526,                0.60895,                 0.7191,                 0.6609,                0.19196,                  2.638,                 1.1557,                0.96157,              0.0016297,              0.0016297,              0.0016297
                    190,                 1.9879,                 1.0456,                 0.9382,                0.58576,                0.59551,                0.58783,                0.16945,                  2.696,                 1.1966,                0.96754,              0.0016278,              0.0016278,              0.0016278
                    191,                 2.2018,                0.99991,                0.90219,                0.58576,                0.59551,                0.58783,                0.16945,                  2.696,                 1.1966,                0.96754,              0.0016258,              0.0016258,              0.0016258
                    192,                 1.9579,                0.97757,                0.89052,                0.72849,                0.47191,                0.58348,                 0.1925,                 2.6245,                 1.1768,                0.96956,              0.0016238,              0.0016238,              0.0016238
                    193,                 1.9835,                0.94708,                0.89443,                0.72849,                0.47191,                0.58348,                 0.1925,                 2.6245,                 1.1768,                0.96956,              0.0016218,              0.0016218,              0.0016218
                    194,                  2.078,                0.99356,                0.88298,                0.75165,                0.51685,                0.59873,                0.18362,                 2.6826,                 1.1937,                0.97853,              0.0016198,              0.0016198,              0.0016198
                    195,                 2.5355,                 1.1351,                0.88577,                0.75165,                0.51685,                0.59873,                0.18362,                 2.6826,                 1.1937,                0.97853,              0.0016179,              0.0016179,              0.0016179
                    196,                 1.9537,                0.96717,                0.88479,                0.68176,                0.49438,                0.56968,                0.16832,                  2.783,                 1.2581,                0.98568,              0.0016159,              0.0016159,              0.0016159
                    197,                 2.2233,                 1.0246,                0.87351,                0.68176,                0.49438,                0.56968,                0.16832,                  2.783,                 1.2581,                0.98568,              0.0016139,              0.0016139,              0.0016139
                    198,                 2.6681,                 1.2141,                0.86638,                 0.6036,                0.54751,                0.53269,                0.14253,                 2.9179,                 1.3712,                0.99593,              0.0016119,              0.0016119,              0.0016119
                    199,                 2.1968,                  1.062,                0.87378,                 0.6036,                0.54751,                0.53269,                0.14253,                 2.9179,                 1.3712,                0.99593,              0.0016099,              0.0016099,              0.0016099
                    200,                  2.159,                 1.0395,                0.86547,                0.60323,                 0.5125,                0.47462,                0.12196,                 2.9487,                 1.4108,                0.99787,               0.001608,               0.001608,               0.001608
                    201,                  2.306,                0.98091,                 0.9522,                0.60323,                 0.5125,                0.47462,                0.12196,                 2.9487,                 1.4108,                0.99787,               0.001606,               0.001606,               0.001606
                    202,                 2.3896,                 1.0904,                0.95034,                0.71826,                0.48315,                0.49151,                0.13107,                 2.8132,                 1.3723,                0.97783,               0.001604,               0.001604,               0.001604
                    203,                 2.2623,                 1.0867,                0.84696,                0.71826,                0.48315,                0.49151,                0.13107,                 2.8132,                 1.3723,                0.97783,               0.001602,               0.001602,               0.001602
                    204,                 2.1448,                 1.0365,                0.92354,                0.69298,                0.52809,                0.51899,                0.15579,                 2.6648,                 1.2785,                 0.9565,                 0.0016,                 0.0016,                 0.0016
                    205,                 2.1097,                 1.0605,                0.88989,                0.69298,                0.52809,                0.51899,                0.15579,                 2.6648,                 1.2785,                 0.9565,              0.0015981,              0.0015981,              0.0015981
                    206,                  2.054,                  1.038,                0.90025,                0.63405,                0.57303,                0.54517,                0.15727,                 2.6372,                 1.2619,                0.95731,              0.0015961,              0.0015961,              0.0015961
                    207,                 2.1202,                 1.0321,                0.91007,                0.63405,                0.57303,                0.54517,                0.15727,                 2.6372,                 1.2619,                0.95731,              0.0015941,              0.0015941,              0.0015941
                    208,                 2.4556,                  1.103,                 0.8836,                0.64234,                0.51685,                0.53467,                0.15065,                 2.6938,                 1.2744,                0.96752,              0.0015921,              0.0015921,              0.0015921
                    209,                 2.1066,                 1.0819,                 0.9042,                0.64234,                0.51685,                0.53467,                0.15065,                 2.6938,                 1.2744,                0.96752,              0.0015901,              0.0015901,              0.0015901
                    210,                 2.2577,                 1.1394,                0.89948,                0.57614,                0.52809,                0.51147,                0.15508,                  2.706,                 1.2714,                0.97224,              0.0015882,              0.0015882,              0.0015882
                    211,                 2.1688,                 1.0583,                0.88919,                0.57614,                0.52809,                0.51147,                0.15508,                  2.706,                 1.2714,                0.97224,              0.0015862,              0.0015862,              0.0015862
                    212,                 2.2179,                 1.0602,                0.86563,                0.62775,                0.58427,                0.55287,                0.14846,                 2.7437,                 1.3028,                0.98382,              0.0015842,              0.0015842,              0.0015842
                    213,                 2.0615,                0.99985,                0.85704,                0.62775,                0.58427,                0.55287,                0.14846,                 2.7437,                 1.3028,                0.98382,              0.0015822,              0.0015822,              0.0015822
                    214,                 2.0675,                  1.022,                0.88935,                0.64761,                0.55756,                0.56568,                0.15047,                 2.7313,                 1.3098,                0.98471,              0.0015802,              0.0015802,              0.0015802
                    215,                 1.9635,                 1.0456,                0.88911,                0.64761,                0.55756,                0.56568,                0.15047,                 2.7313,                 1.3098,                0.98471,              0.0015783,              0.0015783,              0.0015783
                    216,                 2.0593,                 1.0824,                0.90246,                0.57201,                0.50562,                0.50088,                0.14222,                 2.7949,                 1.3155,                0.98801,              0.0015763,              0.0015763,              0.0015763
                    217,                 2.1948,                 1.0597,                0.89882,                0.57201,                0.50562,                0.50088,                0.14222,                 2.7949,                 1.3155,                0.98801,              0.0015743,              0.0015743,              0.0015743
                    218,                 1.9746,                  1.049,                0.87426,                0.61989,                0.55056,                0.52644,                0.14608,                 2.7647,                 1.3022,                 0.9836,              0.0015723,              0.0015723,              0.0015723
                    219,                 2.2002,                 1.0225,                0.90501,                0.61989,                0.55056,                0.52644,                0.14608,                 2.7647,                 1.3022,                 0.9836,              0.0015703,              0.0015703,              0.0015703
                    220,                 2.2804,                 1.0489,                0.90251,                0.67472,                0.61798,                0.58147,                0.16166,                 2.7028,                 1.2641,                0.97565,              0.0015684,              0.0015684,              0.0015684
                    221,                 1.9076,                0.98741,                 0.8838,                0.67472,                0.61798,                0.58147,                0.16166,                 2.7028,                 1.2641,                0.97565,              0.0015664,              0.0015664,              0.0015664
                    222,                 2.0399,                0.97828,                0.87446,                0.62024,                0.60674,                0.56337,                0.15399,                 2.7834,                 1.2749,                 0.9757,              0.0015644,              0.0015644,              0.0015644
                    223,                 1.9721,                 1.0063,                0.87874,                0.62024,                0.60674,                0.56337,                0.15399,                 2.7834,                 1.2749,                 0.9757,              0.0015624,              0.0015624,              0.0015624
                    224,                 1.9743,                0.96619,                 0.8947,                0.65104,                0.53933,                0.56432,                0.14553,                 2.7638,                 1.2818,                0.96132,              0.0015604,              0.0015604,              0.0015604
                    225,                 2.1349,                0.99616,                 0.8659,                0.65104,                0.53933,                0.56432,                0.14553,                 2.7638,                 1.2818,                0.96132,              0.0015585,              0.0015585,              0.0015585
                    226,                 2.1132,                0.96354,                0.86675,                0.64511,                0.58427,                0.56523,                  0.148,                 2.7362,                 1.3231,                0.96086,              0.0015565,              0.0015565,              0.0015565
                    227,                 1.9833,                0.95479,                0.86171,                0.64511,                0.58427,                0.56523,                  0.148,                 2.7362,                 1.3231,                0.96086,              0.0015545,              0.0015545,              0.0015545
                    228,                 2.1407,                0.97116,                0.87715,                0.64057,                0.53933,                0.54491,                0.14958,                 2.6756,                 1.3276,                0.95987,              0.0015525,              0.0015525,              0.0015525
                    229,                 2.1586,                 1.0446,                0.87455,                0.64057,                0.53933,                0.54491,                0.14958,                 2.6756,                 1.3276,                0.95987,              0.0015505,              0.0015505,              0.0015505
                    230,                 1.8895,                0.94896,                0.88071,                0.61763,                0.61708,                 0.5623,                0.17408,                 2.6021,                 1.2956,                0.96025,              0.0015486,              0.0015486,              0.0015486
                    231,                 1.8811,                 0.9544,                0.86944,                0.61763,                0.61708,                 0.5623,                0.17408,                 2.6021,                 1.2956,                0.96025,              0.0015466,              0.0015466,              0.0015466
                    232,                  2.246,                 1.0962,                0.89191,                0.62399,                0.59551,                0.58525,                0.18957,                 2.6154,                 1.2674,                0.96795,              0.0015446,              0.0015446,              0.0015446
                    233,                 1.8423,                0.95447,                0.88794,                0.62399,                0.59551,                0.58525,                0.18957,                 2.6154,                 1.2674,                0.96795,              0.0015426,              0.0015426,              0.0015426
                    234,                 2.2738,                  1.003,                0.87455,                0.61596,                0.59551,                0.58632,                  0.182,                 2.6386,                 1.2384,                0.97094,              0.0015406,              0.0015406,              0.0015406
                    235,                 1.9771,                0.93723,                0.89254,                0.61596,                0.59551,                0.58632,                  0.182,                 2.6386,                 1.2384,                0.97094,              0.0015387,              0.0015387,              0.0015387
                    236,                 1.9294,                 1.0189,                0.87807,                0.66665,                 0.5618,                0.59991,                0.19615,                 2.4876,                  1.172,                0.94726,              0.0015367,              0.0015367,              0.0015367
                    237,                 1.9759,                0.97611,                0.86744,                0.66665,                 0.5618,                0.59991,                0.19615,                 2.4876,                  1.172,                0.94726,              0.0015347,              0.0015347,              0.0015347
                    238,                 2.0059,                0.99616,                0.86747,                0.66764,                0.58427,                0.62238,                0.19852,                  2.444,                 1.1393,                0.94285,              0.0015327,              0.0015327,              0.0015327
                    239,                 1.8814,                0.97342,                0.86184,                0.66764,                0.58427,                0.62238,                0.19852,                  2.444,                 1.1393,                0.94285,              0.0015307,              0.0015307,              0.0015307
                    240,                  1.972,                0.92896,                 0.8513,                0.61214,                0.64045,                0.61085,                0.17972,                 2.5951,                 1.1942,                0.96627,              0.0015288,              0.0015288,              0.0015288
                    241,                 1.8723,                0.97433,                0.86254,                0.61214,                0.64045,                0.61085,                0.17972,                 2.5951,                 1.1942,                0.96627,              0.0015268,              0.0015268,              0.0015268
                    242,                 1.8726,                0.92109,                0.89616,                0.64881,                0.61798,                0.63717,                0.17841,                 2.6529,                 1.1927,                0.97503,              0.0015248,              0.0015248,              0.0015248
                    243,                 2.0696,                 1.0097,                0.92274,                0.64881,                0.61798,                0.63717,                0.17841,                 2.6529,                 1.1927,                0.97503,              0.0015228,              0.0015228,              0.0015228
                    244,                 1.9443,                0.96391,                0.86988,                0.63462,                0.59551,                 0.6241,                0.18561,                 2.6068,                 1.1736,                0.96343,              0.0015208,              0.0015208,              0.0015208
                    245,                 1.8957,                0.92152,                0.87273,                0.63462,                0.59551,                 0.6241,                0.18561,                 2.6068,                 1.1736,                0.96343,              0.0015189,              0.0015189,              0.0015189
                    246,                 1.8201,                0.91502,                0.88421,                0.63667,                0.62921,                0.64289,                0.19553,                 2.4876,                 1.1741,                0.94605,              0.0015169,              0.0015169,              0.0015169
                    247,                 2.0942,                0.97557,                 0.8652,                0.63667,                0.62921,                0.64289,                0.19553,                 2.4876,                 1.1741,                0.94605,              0.0015149,              0.0015149,              0.0015149
                    248,                  2.328,                 1.0365,                0.87132,                0.64298,                0.64045,                0.65222,                 0.1975,                 2.4219,                 1.1922,                0.93951,              0.0015129,              0.0015129,              0.0015129
                    249,                 2.1701,                0.96594,                0.88517,                0.64298,                0.64045,                0.65222,                 0.1975,                 2.4219,                 1.1922,                0.93951,              0.0015109,              0.0015109,              0.0015109
                    250,                   2.04,                 1.0012,                0.88848,                0.62273,                0.61798,                0.61061,                 0.1833,                  2.533,                 1.2165,                0.94691,               0.001509,               0.001509,               0.001509
                    251,                 2.1233,                0.96443,                0.85618,                0.62273,                0.61798,                0.61061,                 0.1833,                  2.533,                 1.2165,                0.94691,               0.001507,               0.001507,               0.001507
                    252,                 1.9884,                0.96085,                0.86328,                0.71146,                0.49872,                0.55067,                0.13465,                 2.9177,                 1.2432,                 1.0046,               0.001505,               0.001505,               0.001505
                    253,                 1.9322,                0.91083,                0.90442,                0.71146,                0.49872,                0.55067,                0.13465,                 2.9177,                 1.2432,                 1.0046,               0.001503,               0.001503,               0.001503
                    254,                  1.971,                0.93571,                0.87442,                 0.5824,                 0.5618,                0.57759,                0.13116,                 2.9171,                 1.3054,                 1.0121,               0.001501,               0.001501,               0.001501
                    255,                  2.067,                0.96811,                0.83777,                 0.5824,                 0.5618,                0.57759,                0.13116,                 2.9171,                 1.3054,                 1.0121,              0.0014991,              0.0014991,              0.0014991
                    256,                 2.0038,                0.97729,                0.88334,                0.57121,                0.66292,                0.60241,                0.17567,                 2.7511,                 1.3049,                0.98873,              0.0014971,              0.0014971,              0.0014971
                    257,                 1.9845,                0.97103,                0.87058,                0.57121,                0.66292,                0.60241,                0.17567,                 2.7511,                 1.3049,                0.98873,              0.0014951,              0.0014951,              0.0014951
                    258,                  2.152,                 1.0041,                 0.8612,                0.55999,                0.60674,                0.57321,                0.16992,                 2.7431,                 1.3101,                0.98504,              0.0014931,              0.0014931,              0.0014931
                    259,                 2.1885,                  1.055,                0.86314,                0.55999,                0.60674,                0.57321,                0.16992,                 2.7431,                 1.3101,                0.98504,              0.0014911,              0.0014911,              0.0014911
                    260,                 2.0337,                 1.0236,                0.88536,                0.57974,                0.57303,                0.55821,                0.16422,                 2.7237,                 1.2956,                0.97084,              0.0014892,              0.0014892,              0.0014892
                    261,                 1.9774,                0.98476,                 0.8919,                0.57974,                0.57303,                0.55821,                0.16422,                 2.7237,                 1.2956,                0.97084,              0.0014872,              0.0014872,              0.0014872
                    262,                 1.9104,                0.95607,                0.87994,                0.60742,                0.53893,                0.59996,                0.17377,                 2.5775,                 1.2268,                0.94406,              0.0014852,              0.0014852,              0.0014852
                    263,                 1.9279,                0.93753,                0.87672,                0.60742,                0.53893,                0.59996,                0.17377,                 2.5775,                 1.2268,                0.94406,              0.0014832,              0.0014832,              0.0014832
                    264,                 2.0398,                0.93278,                0.88781,                0.70438,                0.47191,                0.57562,                0.18213,                 2.5517,                 1.1943,                0.94241,              0.0014812,              0.0014812,              0.0014812
                    265,                 1.8912,                 0.9062,                0.87435,                0.70438,                0.47191,                0.57562,                0.18213,                 2.5517,                 1.1943,                0.94241,              0.0014793,              0.0014793,              0.0014793
                    266,                 1.9685,                0.91479,                0.86549,                0.52251,                0.60674,                0.59149,                0.17263,                 2.6383,                 1.2226,                0.95686,              0.0014773,              0.0014773,              0.0014773
                    267,                 1.7698,                 0.8271,                0.86508,                0.52251,                0.60674,                0.59149,                0.17263,                 2.6383,                 1.2226,                0.95686,              0.0014753,              0.0014753,              0.0014753
                    268,                 1.8876,                0.89178,                0.87699,                 0.5849,                0.53831,                0.56334,                0.16286,                 2.7319,                 1.2643,                0.97332,              0.0014733,              0.0014733,              0.0014733
                    269,                 1.8654,                0.88732,                0.86536,                 0.5849,                0.53831,                0.56334,                0.16286,                 2.7319,                 1.2643,                0.97332,              0.0014713,              0.0014713,              0.0014713
                    270,                 2.1625,                 1.1007,                 0.8862,                0.55667,                0.60666,                0.56087,                0.15509,                 2.7827,                  1.281,                0.98143,              0.0014694,              0.0014694,              0.0014694
                    271,                 1.9599,                0.93417,                0.87328,                0.55667,                0.60666,                0.56087,                0.15509,                 2.7827,                  1.281,                0.98143,              0.0014674,              0.0014674,              0.0014674
                    272,                 1.9913,                   0.99,                0.88672,                0.53507,                0.58427,                0.52526,                0.14827,                 2.7428,                 1.2892,                0.97144,              0.0014654,              0.0014654,              0.0014654
                    273,                 1.8671,                0.94784,                0.87768,                0.53507,                0.58427,                0.52526,                0.14827,                 2.7428,                 1.2892,                0.97144,              0.0014634,              0.0014634,              0.0014634
                    274,                 1.9966,                0.88617,                0.87234,                0.52342,                0.53933,                0.48825,                0.13335,                 2.7753,                 1.3306,                0.97038,              0.0014614,              0.0014614,              0.0014614
                    275,                 1.8045,                0.92971,                0.88466,                0.52342,                0.53933,                0.48825,                0.13335,                 2.7753,                 1.3306,                0.97038,              0.0014595,              0.0014595,              0.0014595
                    276,                 1.8855,                0.91388,                0.88138,                0.51307,                0.56831,                0.51349,                 0.1555,                 2.6759,                 1.3605,                 0.9528,              0.0014575,              0.0014575,              0.0014575
                    277,                 2.1768,                  1.014,                 0.8687,                0.51307,                0.56831,                0.51349,                 0.1555,                 2.6759,                 1.3605,                 0.9528,              0.0014555,              0.0014555,              0.0014555
                    278,                 1.7869,                0.86167,                0.87666,                0.50744,                0.52809,                0.50008,                0.15636,                  2.611,                  1.418,                0.94444,              0.0014535,              0.0014535,              0.0014535
                    279,                 2.0146,                0.96835,                0.87091,                0.50744,                0.52809,                0.50008,                0.15636,                  2.611,                  1.418,                0.94444,              0.0014515,              0.0014515,              0.0014515
                    280,                 1.8888,                0.94903,                0.88069,                0.55597,                0.50562,                0.53979,                0.15204,                 2.7005,                  1.562,                0.96339,              0.0014496,              0.0014496,              0.0014496
                    281,                 1.6587,                0.89738,                0.86505,                0.55597,                0.50562,                0.53979,                0.15204,                 2.7005,                  1.562,                0.96339,              0.0014476,              0.0014476,              0.0014476
                    282,                 1.9298,                0.96117,                0.88211,                 0.5285,                 0.5618,                0.50363,                0.12996,                 2.8554,                 1.5898,                  0.984,              0.0014456,              0.0014456,              0.0014456
                    283,                 2.0488,                0.97704,                0.86958,                 0.5285,                 0.5618,                0.50363,                0.12996,                 2.8554,                 1.5898,                  0.984,              0.0014436,              0.0014436,              0.0014436
                    284,                 2.4226,                 1.1502,                0.86186,                0.41771,                 0.4382,                0.35746,                0.08374,                 3.0697,                 1.5881,                 1.0126,              0.0014416,              0.0014416,              0.0014416
                    285,                  2.259,                 1.2409,                0.92105,                0.41771,                 0.4382,                0.35746,                0.08374,                 3.0697,                 1.5881,                 1.0126,              0.0014397,              0.0014397,              0.0014397
                    286,                  2.125,                0.93266,                0.88821,                0.47686,                0.47191,                0.35046,                0.07773,                 3.1019,                 1.4707,                  1.006,              0.0014377,              0.0014377,              0.0014377
                    287,                 2.1185,                0.92661,                0.85313,                0.47686,                0.47191,                0.35046,                0.07773,                 3.1019,                 1.4707,                  1.006,              0.0014357,              0.0014357,              0.0014357
